"type"	"feature"	"n"	"log_odds_weighted"
"1"	"ennius_narrative"	"MORPH_CASE_ABL"	147	0.0256743256755463
"2"	"ennius_narrative"	"MORPH_CASE_ACC"	172	-0.161633417664143
"3"	"ennius_narrative"	"MORPH_CASE_DAT"	31	0.0171710169508422
"4"	"ennius_narrative"	"MORPH_CASE_GEN"	61	0.0666612950322896
"5"	"ennius_narrative"	"MORPH_CASE_LOC"	0	-0.0271359275140222
"6"	"ennius_narrative"	"MORPH_CASE_NOM"	225	0.11088608809146
"7"	"ennius_narrative"	"MORPH_CASE_VOC"	6	0.0473815031572032
"8"	"ennius_narrative"	"MORPH_GENDER_FEM"	173	-0.129793410803325
"9"	"ennius_narrative"	"MORPH_GENDER_MASC"	289	0.118975162539278
"10"	"ennius_narrative"	"MORPH_GENDER_NEUT"	152	-0.0365488625567637
"11"	"ennius_narrative"	"MORPH_MOOD_GDV"	4	0.111889706626686
"12"	"ennius_narrative"	"MORPH_MOOD_GER"	3	0.0856156893514367
"13"	"ennius_narrative"	"MORPH_MOOD_IMP"	4	-0.075643463542887
"14"	"ennius_narrative"	"MORPH_MOOD_IND"	132	0.0245980328490933
"15"	"ennius_narrative"	"MORPH_MOOD_SUB"	21	0.0567356163417179
"16"	"ennius_narrative"	"MORPH_NUMBER_PLUR"	253	-0.0301991651964104
"17"	"ennius_narrative"	"MORPH_NUMBER_SING"	556	0.0716111185568382
"18"	"ennius_narrative"	"MORPH_PERSON_1"	28	0.101255959146786
"19"	"ennius_narrative"	"MORPH_PERSON_2"	10	-0.146119234317357
"20"	"ennius_narrative"	"MORPH_PERSON_3"	143	0.0888630834094735
"21"	"ennius_narrative"	"MORPH_TENSE_FUT"	11	0.00627110281905373
"22"	"ennius_narrative"	"MORPH_TENSE_PAST"	74	-0.0743563450333496
"23"	"ennius_narrative"	"MORPH_TENSE_PQP"	1	-0.096483584836623
"24"	"ennius_narrative"	"MORPH_TENSE_PRES"	141	0.00924878748904337
"25"	"ennius_narrative"	"MORPH_VERBFORM_FIN"	157	0.0240117031622388
"26"	"ennius_narrative"	"MORPH_VERBFORM_INF"	16	-0.0826441145797758
"27"	"ennius_narrative"	"MORPH_VERBFORM_PART"	54	-0.0819967834052929
"28"	"ennius_narrative"	"MORPH_VERBFORM_SUP"	1	0.103719353893023
"29"	"ennius_narrative"	"MORPH_VOICE_ACT"	150	-0.0792972081829766
"30"	"ennius_narrative"	"MORPH_VOICE_PASS"	61	-0.005124197544104
"31"	"ennius_narrative"	"POS_ADJ"	116	-0.0293856365165565
"32"	"ennius_narrative"	"POS_ADP"	60	0.16131802938169
"33"	"ennius_narrative"	"POS_ADV"	65	0.043017947852566
"34"	"ennius_narrative"	"POS_AUX"	16	0.0760720321004186
"35"	"ennius_narrative"	"POS_CCONJ"	79	-0.127503031609777
"36"	"ennius_narrative"	"POS_DET"	36	-0.110528970375803
"37"	"ennius_narrative"	"POS_INTJ"	3	0.00618699670496318
"38"	"ennius_narrative"	"POS_NOUN"	296	-0.044302343879811
"39"	"ennius_narrative"	"POS_PART"	11	-0.00681464127716737
"40"	"ennius_narrative"	"POS_PRON"	53	0.165725878415082
"41"	"ennius_narrative"	"POS_PROPN"	90	0.249760740753108
"42"	"ennius_narrative"	"POS_SCONJ"	23	0.0499802891375896
"43"	"ennius_narrative"	"POS_VERB"	212	-0.0672696348174766
"44"	"ennius_speech"	"MORPH_CASE_ABL"	14	-0.0105436550856922
"45"	"ennius_speech"	"MORPH_CASE_ACC"	26	0.00513567159620217
"46"	"ennius_speech"	"MORPH_CASE_DAT"	2	-0.0135354475029075
"47"	"ennius_speech"	"MORPH_CASE_GEN"	3	-0.0223144532764051
"48"	"ennius_speech"	"MORPH_CASE_LOC"	0	-0.00312714050923889
"49"	"ennius_speech"	"MORPH_CASE_NOM"	26	0.0131986330036634
"50"	"ennius_speech"	"MORPH_CASE_VOC"	5	0.117640252453715
"51"	"ennius_speech"	"MORPH_GENDER_FEM"	19	-0.0185026748459568
"52"	"ennius_speech"	"MORPH_GENDER_MASC"	29	-0.00139065369020964
"53"	"ennius_speech"	"MORPH_GENDER_NEUT"	20	0.00673379132513536
"54"	"ennius_speech"	"MORPH_MOOD_GDV"	1	0.0366720170287022
"55"	"ennius_speech"	"MORPH_MOOD_GER"	0	-0.00675696049202892
"56"	"ennius_speech"	"MORPH_MOOD_IMP"	0	-0.0173694045046601
"57"	"ennius_speech"	"MORPH_MOOD_IND"	13	-0.00783161502222939
"58"	"ennius_speech"	"MORPH_MOOD_SUB"	1	-0.0119895036429823
"59"	"ennius_speech"	"MORPH_NUMBER_PLUR"	18	-0.0424812279511982
"60"	"ennius_speech"	"MORPH_NUMBER_SING"	72	0.0294848917513578
"61"	"ennius_speech"	"MORPH_PERSON_1"	7	0.0572453075289869
"62"	"ennius_speech"	"MORPH_PERSON_2"	5	0.025897763377337
"63"	"ennius_speech"	"MORPH_PERSON_3"	10	-0.0214329786057492
"64"	"ennius_speech"	"MORPH_TENSE_FUT"	1	-0.0036272712528309
"65"	"ennius_speech"	"MORPH_TENSE_PAST"	16	0.0350480339304989
"66"	"ennius_speech"	"MORPH_TENSE_PQP"	0	-0.0138313593340641
"67"	"ennius_speech"	"MORPH_TENSE_PRES"	10	-0.0279849481427581
"68"	"ennius_speech"	"MORPH_VERBFORM_FIN"	14	-0.0154640047460918
"69"	"ennius_speech"	"MORPH_VERBFORM_INF"	7	0.0473557655571724
"70"	"ennius_speech"	"MORPH_VERBFORM_PART"	6	-0.0108734790362549
"71"	"ennius_speech"	"MORPH_VERBFORM_SUP"	0	-0.00257516432106753
"72"	"ennius_speech"	"MORPH_VOICE_ACT"	20	0.00254119101550288
"73"	"ennius_speech"	"MORPH_VOICE_PASS"	7	-0.000730022326200034
"74"	"ennius_speech"	"POS_ADJ"	9	-0.0249630069766546
"75"	"ennius_speech"	"POS_ADP"	7	0.0193890134596299
"76"	"ennius_speech"	"POS_ADV"	5	-0.012475845591974
"77"	"ennius_speech"	"POS_AUX"	0	-0.0205412261985161
"78"	"ennius_speech"	"POS_CCONJ"	9	-0.0151885010626161
"79"	"ennius_speech"	"POS_DET"	10	0.0315541695324038
"80"	"ennius_speech"	"POS_INTJ"	4	0.11677325263219
"81"	"ennius_speech"	"POS_NOUN"	38	0.00774118107831734
"82"	"ennius_speech"	"POS_PART"	1	-0.00497794516824974
"83"	"ennius_speech"	"POS_PRON"	9	0.0454748726616415
"84"	"ennius_speech"	"POS_PROPN"	4	-0.0172209248660993
"85"	"ennius_speech"	"POS_SCONJ"	1	-0.0144577454055007
"86"	"ennius_speech"	"POS_VERB"	27	0.00189950510984625
"87"	"Valerius Flaccus_narrative"	"MORPH_CASE_ABL"	3525	0.384894692730619
"88"	"Valerius Flaccus_narrative"	"MORPH_CASE_ACC"	5262	0.195536747966725
"89"	"Valerius Flaccus_narrative"	"MORPH_CASE_DAT"	586	-1.19611657301476
"90"	"Valerius Flaccus_narrative"	"MORPH_CASE_GEN"	1312	0.334457234310754
"91"	"Valerius Flaccus_narrative"	"MORPH_CASE_LOC"	1	-0.537146620114705
"92"	"Valerius Flaccus_narrative"	"MORPH_CASE_NOM"	5075	1.0877875644143
"93"	"Valerius Flaccus_narrative"	"MORPH_CASE_VOC"	55	-1.16884518169624
"94"	"Valerius Flaccus_narrative"	"MORPH_GENDER_FEM"	5274	0.963513737323338
"95"	"Valerius Flaccus_narrative"	"MORPH_GENDER_MASC"	6695	1.66042807145687
"96"	"Valerius Flaccus_narrative"	"MORPH_GENDER_NEUT"	3655	-1.02689436299972
"97"	"Valerius Flaccus_narrative"	"MORPH_MOOD_GDV"	22	-0.569690186199905
"98"	"Valerius Flaccus_narrative"	"MORPH_MOOD_GER"	6	-1.09858010264097
"99"	"Valerius Flaccus_narrative"	"MORPH_MOOD_IMP"	66	-2.34303580039962
"100"	"Valerius Flaccus_narrative"	"MORPH_MOOD_IND"	3135	0.229605513988556
"101"	"Valerius Flaccus_narrative"	"MORPH_MOOD_SUB"	287	-1.4864982007287
"102"	"Valerius Flaccus_narrative"	"MORPH_NUMBER_PLUR"	6587	0.766297186711261
"103"	"Valerius Flaccus_narrative"	"MORPH_NUMBER_SING"	12717	-0.362977427185272
"104"	"Valerius Flaccus_narrative"	"MORPH_PERSON_1"	60	-4.84792028961409
"105"	"Valerius Flaccus_narrative"	"MORPH_PERSON_2"	208	-3.80727512753791
"106"	"Valerius Flaccus_narrative"	"MORPH_PERSON_3"	3396	1.70377445677891
"107"	"Valerius Flaccus_narrative"	"MORPH_TENSE_FUT"	101	-2.47844538662776
"108"	"Valerius Flaccus_narrative"	"MORPH_TENSE_PAST"	1759	-1.96935027787658
"109"	"Valerius Flaccus_narrative"	"MORPH_TENSE_PQP"	144	0.454673387901192
"110"	"Valerius Flaccus_narrative"	"MORPH_TENSE_PRES"	3583	0.914142321165769
"111"	"Valerius Flaccus_narrative"	"MORPH_VERBFORM_FIN"	3488	-0.856570750895415
"112"	"Valerius Flaccus_narrative"	"MORPH_VERBFORM_INF"	445	-1.34389664814511
"113"	"Valerius Flaccus_narrative"	"MORPH_VERBFORM_PART"	1654	0.256322284557773
"114"	"Valerius Flaccus_narrative"	"MORPH_VERBFORM_SUP"	4	-0.0374275132444286
"115"	"Valerius Flaccus_narrative"	"MORPH_VOICE_ACT"	4193	0.386315223277161
"116"	"Valerius Flaccus_narrative"	"MORPH_VOICE_PASS"	1346	-1.02667224169495
"117"	"Valerius Flaccus_narrative"	"POS_ADJ"	3319	1.6946881285652
"118"	"Valerius Flaccus_narrative"	"POS_ADP"	994	0.0205011680992275
"119"	"Valerius Flaccus_narrative"	"POS_ADV"	1706	1.86010053012427
"120"	"Valerius Flaccus_narrative"	"POS_AUX"	48	-3.44993823151468
"121"	"Valerius Flaccus_narrative"	"POS_CCONJ"	2798	1.55518083417298
"122"	"Valerius Flaccus_narrative"	"POS_DET"	1182	-0.35715072135729
"123"	"Valerius Flaccus_narrative"	"POS_INTJ"	37	-0.955331636883961
"124"	"Valerius Flaccus_narrative"	"POS_NOUN"	7569	0.134023154817178
"125"	"Valerius Flaccus_narrative"	"POS_PART"	234	-0.667701722235841
"126"	"Valerius Flaccus_narrative"	"POS_PRON"	527	-2.7862241803616
"127"	"Valerius Flaccus_narrative"	"POS_PROPN"	1570	1.54957067339964
"128"	"Valerius Flaccus_narrative"	"POS_SCONJ"	422	-0.449902572270762
"129"	"Valerius Flaccus_narrative"	"POS_VERB"	5504	-0.326638508490184
"130"	"Valerius Flaccus_speech"	"MORPH_CASE_ABL"	1368	-1.58247475109047
"131"	"Valerius Flaccus_speech"	"MORPH_CASE_ACC"	2740	0.525903633672875
"132"	"Valerius Flaccus_speech"	"MORPH_CASE_DAT"	570	2.08592444277949
"133"	"Valerius Flaccus_speech"	"MORPH_CASE_GEN"	631	-0.00483768869691701
"134"	"Valerius Flaccus_speech"	"MORPH_CASE_LOC"	1	-0.221684312052889
"135"	"Valerius Flaccus_speech"	"MORPH_CASE_NOM"	2401	0.037300708506666
"136"	"Valerius Flaccus_speech"	"MORPH_CASE_VOC"	94	1.10544750749905
"137"	"Valerius Flaccus_speech"	"MORPH_GENDER_FEM"	2511	0.0254552924194135
"138"	"Valerius Flaccus_speech"	"MORPH_GENDER_MASC"	2903	-0.682437455484989
"139"	"Valerius Flaccus_speech"	"MORPH_GENDER_NEUT"	1865	-0.348060042619264
"140"	"Valerius Flaccus_speech"	"MORPH_MOOD_GDV"	18	0.0140659022641229
"141"	"Valerius Flaccus_speech"	"MORPH_MOOD_GER"	9	-0.273998404431836
"142"	"Valerius Flaccus_speech"	"MORPH_MOOD_IMP"	291	3.5619324453511
"143"	"Valerius Flaccus_speech"	"MORPH_MOOD_IND"	1192	-1.66435406074741
"144"	"Valerius Flaccus_speech"	"MORPH_MOOD_SUB"	375	2.21687458804452
"145"	"Valerius Flaccus_speech"	"MORPH_NUMBER_PLUR"	3349	0.599971181837403
"146"	"Valerius Flaccus_speech"	"MORPH_NUMBER_SING"	6317	-0.264355561529843
"147"	"Valerius Flaccus_speech"	"MORPH_PERSON_1"	692	5.36704363753866
"148"	"Valerius Flaccus_speech"	"MORPH_PERSON_2"	771	5.3266083971941
"149"	"Valerius Flaccus_speech"	"MORPH_PERSON_3"	956	-2.69209379028441
"150"	"Valerius Flaccus_speech"	"MORPH_TENSE_FUT"	240	1.78290183663175
"151"	"Valerius Flaccus_speech"	"MORPH_TENSE_PAST"	760	-1.67633431688437
"152"	"Valerius Flaccus_speech"	"MORPH_TENSE_PQP"	27	-0.807209410347327
"153"	"Valerius Flaccus_speech"	"MORPH_TENSE_PRES"	1670	-0.0775143540363709
"154"	"Valerius Flaccus_speech"	"MORPH_VERBFORM_FIN"	1858	0.0788785484918382
"155"	"Valerius Flaccus_speech"	"MORPH_VERBFORM_INF"	315	0.322041725734999
"156"	"Valerius Flaccus_speech"	"MORPH_VERBFORM_PART"	524	-1.83262876445008
"157"	"Valerius Flaccus_speech"	"MORPH_VERBFORM_SUP"	0	-0.266743643214652
"158"	"Valerius Flaccus_speech"	"MORPH_VOICE_ACT"	1995	-0.213751182141864
"159"	"Valerius Flaccus_speech"	"MORPH_VOICE_PASS"	594	-1.04675323423432
"160"	"Valerius Flaccus_speech"	"POS_ADJ"	1282	-0.962135996641856
"161"	"Valerius Flaccus_speech"	"POS_ADP"	387	-0.890270117039916
"162"	"Valerius Flaccus_speech"	"POS_ADV"	974	1.79002829117569
"163"	"Valerius Flaccus_speech"	"POS_AUX"	108	-0.438661547722016
"164"	"Valerius Flaccus_speech"	"POS_CCONJ"	1207	-0.209926254399803
"165"	"Valerius Flaccus_speech"	"POS_DET"	1058	3.28973310469132
"166"	"Valerius Flaccus_speech"	"POS_INTJ"	108	2.29951900607278
"167"	"Valerius Flaccus_speech"	"POS_NOUN"	3593	-0.524919329428644
"168"	"Valerius Flaccus_speech"	"POS_PART"	201	0.962795036551586
"169"	"Valerius Flaccus_speech"	"POS_PRON"	872	4.01465625469737
"170"	"Valerius Flaccus_speech"	"POS_PROPN"	530	-1.01353455039835
"171"	"Valerius Flaccus_speech"	"POS_SCONJ"	269	0.474273229954979
"172"	"Valerius Flaccus_speech"	"POS_VERB"	2564	-0.833567579335428
"173"	"gnaeus_naevius_narrative"	"MORPH_CASE_ABL"	78	-0.100113678060724
"174"	"gnaeus_naevius_narrative"	"MORPH_CASE_ACC"	156	0.0192888340716981
"175"	"gnaeus_naevius_narrative"	"MORPH_CASE_DAT"	10	-0.104970518795248
"176"	"gnaeus_naevius_narrative"	"MORPH_CASE_GEN"	60	0.17387742343775
"177"	"gnaeus_naevius_narrative"	"MORPH_CASE_LOC"	2	0.188556165953555
"178"	"gnaeus_naevius_narrative"	"MORPH_CASE_NOM"	128	-0.0430802610073946
"179"	"gnaeus_naevius_narrative"	"MORPH_CASE_VOC"	7	0.105506465620617
"180"	"gnaeus_naevius_narrative"	"MORPH_GENDER_FEM"	126	-0.0754828654658879
"181"	"gnaeus_naevius_narrative"	"MORPH_GENDER_MASC"	219	0.138356909523468
"182"	"gnaeus_naevius_narrative"	"MORPH_GENDER_NEUT"	91	-0.0959591645177918
"183"	"gnaeus_naevius_narrative"	"MORPH_MOOD_GDV"	1	-0.00115246263717755
"184"	"gnaeus_naevius_narrative"	"MORPH_MOOD_GER"	0	-0.04132852037241
"185"	"gnaeus_naevius_narrative"	"MORPH_MOOD_IMP"	9	0.062753245021315
"186"	"gnaeus_naevius_narrative"	"MORPH_MOOD_IND"	100	0.0513772267280419
"187"	"gnaeus_naevius_narrative"	"MORPH_MOOD_SUB"	12	0.00346957911657486
"188"	"gnaeus_naevius_narrative"	"MORPH_NUMBER_PLUR"	167	-0.0607170382687246
"189"	"gnaeus_naevius_narrative"	"MORPH_NUMBER_SING"	408	0.0935618569971077
"190"	"gnaeus_naevius_narrative"	"MORPH_PERSON_1"	2	-0.142311494401819
"191"	"gnaeus_naevius_narrative"	"MORPH_PERSON_2"	12	-0.04803259466482
"192"	"gnaeus_naevius_narrative"	"MORPH_PERSON_3"	112	0.11776752147316
"193"	"gnaeus_naevius_narrative"	"MORPH_TENSE_FUT"	6	-0.024176169872108
"194"	"gnaeus_naevius_narrative"	"MORPH_TENSE_PAST"	49	-0.0706751490473704
"195"	"gnaeus_naevius_narrative"	"MORPH_TENSE_PQP"	3	-0.0139556722189638
"196"	"gnaeus_naevius_narrative"	"MORPH_TENSE_PRES"	96	-0.00905183039911705
"197"	"gnaeus_naevius_narrative"	"MORPH_VERBFORM_FIN"	121	0.0634218985085349
"198"	"gnaeus_naevius_narrative"	"MORPH_VERBFORM_INF"	12	-0.0502414278948877
"199"	"gnaeus_naevius_narrative"	"MORPH_VERBFORM_PART"	21	-0.170713041898532
"200"	"gnaeus_naevius_narrative"	"MORPH_VERBFORM_SUP"	0	-0.0157508327782878
"201"	"gnaeus_naevius_narrative"	"MORPH_VOICE_ACT"	119	0.000888455944249068
"202"	"gnaeus_naevius_narrative"	"MORPH_VOICE_PASS"	24	-0.133809532178452
"203"	"gnaeus_naevius_narrative"	"POS_ADJ"	80	-0.0292724277523673
"204"	"gnaeus_naevius_narrative"	"POS_ADP"	49	0.170206068015051
"205"	"gnaeus_naevius_narrative"	"POS_ADV"	49	0.052821971906976
"206"	"gnaeus_naevius_narrative"	"POS_AUX"	11	0.0492853020418783
"207"	"gnaeus_naevius_narrative"	"POS_CCONJ"	30	-0.227733610622108
"208"	"gnaeus_naevius_narrative"	"POS_DET"	33	-0.0202118870975402
"209"	"gnaeus_naevius_narrative"	"POS_INTJ"	2	0.000755402174451868
"210"	"gnaeus_naevius_narrative"	"POS_NOUN"	210	-0.0264823922152907
"211"	"gnaeus_naevius_narrative"	"POS_PART"	4	-0.0638651027880939
"212"	"gnaeus_naevius_narrative"	"POS_PRON"	22	-0.022552565829602
"213"	"gnaeus_naevius_narrative"	"POS_PROPN"	117	0.563436652254211
"214"	"gnaeus_naevius_narrative"	"POS_SCONJ"	13	-0.00407041928657597
"215"	"gnaeus_naevius_narrative"	"POS_VERB"	143	-0.0710049770723197
"216"	"Ovid_narrative"	"MORPH_CASE_ABL"	6895	-0.189785530458288
"217"	"Ovid_narrative"	"MORPH_CASE_ACC"	9947	-2.01034550947617
"218"	"Ovid_narrative"	"MORPH_CASE_DAT"	1141	-2.71252970880247
"219"	"Ovid_narrative"	"MORPH_CASE_GEN"	2348	-1.42719884534286
"220"	"Ovid_narrative"	"MORPH_CASE_LOC"	7	-0.56353608402529
"221"	"Ovid_narrative"	"MORPH_CASE_NOM"	9260	-1.50865655577842
"222"	"Ovid_narrative"	"MORPH_CASE_VOC"	130	-1.81642271165887
"223"	"Ovid_narrative"	"MORPH_GENDER_FEM"	10447	1.16753719093307
"224"	"Ovid_narrative"	"MORPH_GENDER_MASC"	11051	-4.87228062500073
"225"	"Ovid_narrative"	"MORPH_GENDER_NEUT"	7698	-0.690896262178181
"226"	"Ovid_narrative"	"MORPH_MOOD_GDV"	67	-0.182549570209549
"227"	"Ovid_narrative"	"MORPH_MOOD_GER"	74	0.634339666183862
"228"	"Ovid_narrative"	"MORPH_MOOD_IMP"	153	-4.22004855413653
"229"	"Ovid_narrative"	"MORPH_MOOD_IND"	7487	5.69678754718044
"230"	"Ovid_narrative"	"MORPH_MOOD_SUB"	786	-0.378111995350818
"231"	"Ovid_narrative"	"MORPH_NUMBER_PLUR"	11764	-3.49270699325645
"232"	"Ovid_narrative"	"MORPH_NUMBER_SING"	26399	1.10816287624637
"233"	"Ovid_narrative"	"MORPH_PERSON_1"	502	-5.16144583475501
"234"	"Ovid_narrative"	"MORPH_PERSON_2"	622	-5.32602515824725
"235"	"Ovid_narrative"	"MORPH_PERSON_3"	7800	7.63174054711436
"236"	"Ovid_narrative"	"MORPH_TENSE_FUT"	393	-1.94551560647236
"237"	"Ovid_narrative"	"MORPH_TENSE_PAST"	5379	6.07450613163787
"238"	"Ovid_narrative"	"MORPH_TENSE_PQP"	408	3.44842166647927
"239"	"Ovid_narrative"	"MORPH_TENSE_PRES"	6732	-0.381345307364695
"240"	"Ovid_narrative"	"MORPH_VERBFORM_FIN"	8427	4.11501662535422
"241"	"Ovid_narrative"	"MORPH_VERBFORM_INF"	1174	0.213688863054194
"242"	"Ovid_narrative"	"MORPH_VERBFORM_PART"	3312	0.340655885922323
"243"	"Ovid_narrative"	"MORPH_VERBFORM_SUP"	2	-0.788028427229152
"244"	"Ovid_narrative"	"MORPH_VOICE_ACT"	8469	0.782753427264857
"245"	"Ovid_narrative"	"MORPH_VOICE_PASS"	3251	1.41536421313062
"246"	"Ovid_narrative"	"POS_ADJ"	5257	-3.34379384494342
"247"	"Ovid_narrative"	"POS_ADP"	2150	1.16621517034813
"248"	"Ovid_narrative"	"POS_ADV"	2590	-1.94856569041431
"249"	"Ovid_narrative"	"POS_AUX"	1194	9.47471062992213
"250"	"Ovid_narrative"	"POS_CCONJ"	5123	0.412645035191837
"251"	"Ovid_narrative"	"POS_DET"	2606	0.856692995071002
"252"	"Ovid_narrative"	"POS_INTJ"	60	-2.29656366922529
"253"	"Ovid_narrative"	"POS_NOUN"	14624	-1.71220267615682
"254"	"Ovid_narrative"	"POS_PART"	551	-0.144910437733781
"255"	"Ovid_narrative"	"POS_PRON"	1545	-1.35117410288119
"256"	"Ovid_narrative"	"POS_PROPN"	2280	-2.95892526347308
"257"	"Ovid_narrative"	"POS_SCONJ"	1083	1.76407862525484
"258"	"Ovid_narrative"	"POS_VERB"	11720	1.47896157427075
"259"	"Ovid_speech"	"MORPH_CASE_ABL"	3588	-2.96331631512482
"260"	"Ovid_speech"	"MORPH_CASE_ACC"	5835	-2.25171479773672
"261"	"Ovid_speech"	"MORPH_CASE_DAT"	1007	1.1912259380334
"262"	"Ovid_speech"	"MORPH_CASE_GEN"	1419	-1.05561207285597
"263"	"Ovid_speech"	"MORPH_CASE_LOC"	3	-0.484124648263679
"264"	"Ovid_speech"	"MORPH_CASE_NOM"	5712	-0.83886256571036
"265"	"Ovid_speech"	"MORPH_CASE_VOC"	172	1.14882182587336
"266"	"Ovid_speech"	"MORPH_GENDER_FEM"	6069	-0.535533955764906
"267"	"Ovid_speech"	"MORPH_GENDER_MASC"	6177	-5.11895460709021
"268"	"Ovid_speech"	"MORPH_GENDER_NEUT"	4588	-1.00252064386428
"269"	"Ovid_speech"	"MORPH_MOOD_GDV"	75	1.30851410366868
"270"	"Ovid_speech"	"MORPH_MOOD_GER"	40	0.151472750802879
"271"	"Ovid_speech"	"MORPH_MOOD_IMP"	407	2.9611800496172
"272"	"Ovid_speech"	"MORPH_MOOD_IND"	4378	2.58687615348239
"273"	"Ovid_speech"	"MORPH_MOOD_SUB"	804	3.77408684398764
"274"	"Ovid_speech"	"MORPH_NUMBER_PLUR"	6787	-3.64992025734256
"275"	"Ovid_speech"	"MORPH_NUMBER_SING"	16530	1.53476094205272
"276"	"Ovid_speech"	"MORPH_PERSON_1"	1535	10.8429882653456
"277"	"Ovid_speech"	"MORPH_PERSON_2"	1278	6.14071280069095
"278"	"Ovid_speech"	"MORPH_PERSON_3"	3691	-0.318028901820312
"279"	"Ovid_speech"	"MORPH_TENSE_FUT"	548	3.56175302890501
"280"	"Ovid_speech"	"MORPH_TENSE_PAST"	2732	0.665939555194637
"281"	"Ovid_speech"	"MORPH_TENSE_PQP"	161	0.168485673333094
"282"	"Ovid_speech"	"MORPH_TENSE_PRES"	4599	1.84449361962207
"283"	"Ovid_speech"	"MORPH_VERBFORM_FIN"	5591	4.39088280359618
"284"	"Ovid_speech"	"MORPH_VERBFORM_INF"	832	1.3094040975173
"285"	"Ovid_speech"	"MORPH_VERBFORM_PART"	1620	-2.39827488933056
"286"	"Ovid_speech"	"MORPH_VERBFORM_SUP"	0	-0.645005679347696
"287"	"Ovid_speech"	"MORPH_VOICE_ACT"	5162	0.350770068947994
"288"	"Ovid_speech"	"MORPH_VOICE_PASS"	1917	0.381030077991532
"289"	"Ovid_speech"	"POS_ADJ"	2978	-3.28348219628965
"290"	"Ovid_speech"	"POS_ADP"	1165	-0.504070793172909
"291"	"Ovid_speech"	"POS_ADV"	1702	-0.471998657305826
"292"	"Ovid_speech"	"POS_AUX"	962	9.44184305247635
"293"	"Ovid_speech"	"POS_CCONJ"	2926	-0.858460785273555
"294"	"Ovid_speech"	"POS_DET"	2039	3.71487015162571
"295"	"Ovid_speech"	"POS_INTJ"	96	0.350520617683547
"296"	"Ovid_speech"	"POS_NOUN"	8287	-3.22254513033236
"297"	"Ovid_speech"	"POS_PART"	450	1.59213514143602
"298"	"Ovid_speech"	"POS_PRON"	1708	5.74068234993487
"299"	"Ovid_speech"	"POS_PROPN"	1079	-4.0804261350307
"300"	"Ovid_speech"	"POS_SCONJ"	787	2.54606567170962
"301"	"Ovid_speech"	"POS_VERB"	7079	0.531990205925354
"302"	"Ilias Latina_narrative"	"MORPH_CASE_ABL"	875	0.213769933927962
"303"	"Ilias Latina_narrative"	"MORPH_CASE_ACC"	1235	-0.0753873951785831
"304"	"Ilias Latina_narrative"	"MORPH_CASE_DAT"	106	-0.641289461907727
"305"	"Ilias Latina_narrative"	"MORPH_CASE_GEN"	309	0.0306421725282119
"306"	"Ilias Latina_narrative"	"MORPH_CASE_LOC"	1	-0.0546494874748564
"307"	"Ilias Latina_narrative"	"MORPH_CASE_NOM"	1159	0.0190251849600601
"308"	"Ilias Latina_narrative"	"MORPH_CASE_VOC"	12	-0.321668791715148
"309"	"Ilias Latina_narrative"	"MORPH_GENDER_FEM"	1046	-0.627763155136828
"310"	"Ilias Latina_narrative"	"MORPH_GENDER_MASC"	1795	1.05135891208867
"311"	"Ilias Latina_narrative"	"MORPH_GENDER_NEUT"	809	-0.56383616084093
"312"	"Ilias Latina_narrative"	"MORPH_MOOD_GDV"	4	-0.197855314053861
"313"	"Ilias Latina_narrative"	"MORPH_MOOD_GER"	3	-0.197652324131574
"314"	"Ilias Latina_narrative"	"MORPH_MOOD_IMP"	13	-0.63403692894112
"315"	"Ilias Latina_narrative"	"MORPH_MOOD_IND"	901	0.759958617734416
"316"	"Ilias Latina_narrative"	"MORPH_MOOD_SUB"	70	-0.357004386615116
"317"	"Ilias Latina_narrative"	"MORPH_NUMBER_PLUR"	1657	0.43384123325644
"318"	"Ilias Latina_narrative"	"MORPH_NUMBER_SING"	3032	-0.172818955588305
"319"	"Ilias Latina_narrative"	"MORPH_PERSON_1"	15	-1.19327765010523
"320"	"Ilias Latina_narrative"	"MORPH_PERSON_2"	31	-1.15292857974868
"321"	"Ilias Latina_narrative"	"MORPH_PERSON_3"	977	1.19448259519954
"322"	"Ilias Latina_narrative"	"MORPH_TENSE_FUT"	11	-0.829794648656271
"323"	"Ilias Latina_narrative"	"MORPH_TENSE_PAST"	482	-0.151391968383591
"324"	"Ilias Latina_narrative"	"MORPH_TENSE_PQP"	42	0.283368361138437
"325"	"Ilias Latina_narrative"	"MORPH_TENSE_PRES"	830	0.0732441540602018
"326"	"Ilias Latina_narrative"	"MORPH_VERBFORM_FIN"	984	0.426005995862483
"327"	"Ilias Latina_narrative"	"MORPH_VERBFORM_INF"	63	-0.816045635654153
"328"	"Ilias Latina_narrative"	"MORPH_VERBFORM_PART"	318	-0.465144294139261
"329"	"Ilias Latina_narrative"	"MORPH_VERBFORM_SUP"	0	-0.129929951916513
"330"	"Ilias Latina_narrative"	"MORPH_VOICE_ACT"	1008	0.086820744658992
"331"	"Ilias Latina_narrative"	"MORPH_VOICE_PASS"	341	-0.140396020001293
"332"	"Ilias Latina_narrative"	"POS_ADJ"	735	0.1026538227565
"333"	"Ilias Latina_narrative"	"POS_ADP"	267	0.234517021043134
"334"	"Ilias Latina_narrative"	"POS_ADV"	340	-0.0332976524404366
"335"	"Ilias Latina_narrative"	"POS_AUX"	16	-0.783803442543854
"336"	"Ilias Latina_narrative"	"POS_CCONJ"	618	0.0867226044723576
"337"	"Ilias Latina_narrative"	"POS_DET"	241	-0.416373866188486
"338"	"Ilias Latina_narrative"	"POS_INTJ"	2	-0.454280034320127
"339"	"Ilias Latina_narrative"	"POS_NOUN"	1707	-0.343433697043491
"340"	"Ilias Latina_narrative"	"POS_PART"	34	-0.514995067836007
"341"	"Ilias Latina_narrative"	"POS_PRON"	139	-0.581446933876503
"342"	"Ilias Latina_narrative"	"POS_PROPN"	558	1.67279432874478
"343"	"Ilias Latina_narrative"	"POS_SCONJ"	91	-0.241168310183066
"344"	"Ilias Latina_narrative"	"POS_VERB"	1346	-0.00713397627745443
"345"	"Ilias Latina_speech"	"MORPH_CASE_ABL"	114	-0.0260035946907399
"346"	"Ilias Latina_speech"	"MORPH_CASE_ACC"	168	-0.0505423442293893
"347"	"Ilias Latina_speech"	"MORPH_CASE_DAT"	21	-0.0370540991608249
"348"	"Ilias Latina_speech"	"MORPH_CASE_GEN"	51	0.0519921301524719
"349"	"Ilias Latina_speech"	"MORPH_CASE_LOC"	0	-0.0229553708419331
"350"	"Ilias Latina_speech"	"MORPH_CASE_NOM"	156	-0.0423807351546637
"351"	"Ilias Latina_speech"	"MORPH_CASE_VOC"	10	0.168141050671889
"352"	"Ilias Latina_speech"	"MORPH_GENDER_FEM"	141	-0.130469318298634
"353"	"Ilias Latina_speech"	"MORPH_GENDER_MASC"	226	0.0354225850751106
"354"	"Ilias Latina_speech"	"MORPH_GENDER_NEUT"	121	-0.0638620283965922
"355"	"Ilias Latina_speech"	"MORPH_MOOD_GDV"	0	-0.0542151829789818
"356"	"Ilias Latina_speech"	"MORPH_MOOD_GER"	0	-0.0496007435754059
"357"	"Ilias Latina_speech"	"MORPH_MOOD_IMP"	24	0.32297959910487
"358"	"Ilias Latina_speech"	"MORPH_MOOD_IND"	97	-0.0503569263398785
"359"	"Ilias Latina_speech"	"MORPH_MOOD_SUB"	31	0.220912629949815
"360"	"Ilias Latina_speech"	"MORPH_NUMBER_PLUR"	199	-0.0780158851165015
"361"	"Ilias Latina_speech"	"MORPH_NUMBER_SING"	473	0.0679012035720334
"362"	"Ilias Latina_speech"	"MORPH_PERSON_1"	40	0.282295771914541
"363"	"Ilias Latina_speech"	"MORPH_PERSON_2"	71	0.569905042183914
"364"	"Ilias Latina_speech"	"MORPH_PERSON_3"	73	-0.159712214444322
"365"	"Ilias Latina_speech"	"MORPH_TENSE_FUT"	21	0.196377566752149
"366"	"Ilias Latina_speech"	"MORPH_TENSE_PAST"	65	-0.0488428348598189
"367"	"Ilias Latina_speech"	"MORPH_TENSE_PQP"	4	-0.00736147874777544
"368"	"Ilias Latina_speech"	"MORPH_TENSE_PRES"	117	-0.00266026331699961
"369"	"Ilias Latina_speech"	"MORPH_VERBFORM_FIN"	152	0.106326876903222
"370"	"Ilias Latina_speech"	"MORPH_VERBFORM_INF"	21	0.0123394067047279
"371"	"Ilias Latina_speech"	"MORPH_VERBFORM_PART"	34	-0.146655746518848
"372"	"Ilias Latina_speech"	"MORPH_VERBFORM_SUP"	0	-0.0189034848642553
"373"	"Ilias Latina_speech"	"MORPH_VOICE_ACT"	147	0.0187603497556448
"374"	"Ilias Latina_speech"	"MORPH_VOICE_PASS"	51	-0.00838457695847953
"375"	"Ilias Latina_speech"	"POS_ADJ"	88	-0.074928319333958
"376"	"Ilias Latina_speech"	"POS_ADP"	40	0.046252215700557
"377"	"Ilias Latina_speech"	"POS_ADV"	47	-0.0195794126376367
"378"	"Ilias Latina_speech"	"POS_AUX"	9	-0.00769311660074709
"379"	"Ilias Latina_speech"	"POS_CCONJ"	52	-0.187434362195732
"380"	"Ilias Latina_speech"	"POS_DET"	64	0.159946144878839
"381"	"Ilias Latina_speech"	"POS_INTJ"	10	0.241916731143945
"382"	"Ilias Latina_speech"	"POS_NOUN"	226	-0.11686709332767
"383"	"Ilias Latina_speech"	"POS_PART"	4	-0.089271211667492
"384"	"Ilias Latina_speech"	"POS_PRON"	54	0.22353131998853
"385"	"Ilias Latina_speech"	"POS_PROPN"	55	0.0586634992015903
"386"	"Ilias Latina_speech"	"POS_SCONJ"	23	0.0857808389699301
"387"	"Ilias Latina_speech"	"POS_VERB"	198	0.0124012565812366
"388"	"Statius_narrative"	"MORPH_CASE_ABL"	5902	0.576631826002358
"389"	"Statius_narrative"	"MORPH_CASE_ACC"	8712	-0.100350871590113
"390"	"Statius_narrative"	"MORPH_CASE_DAT"	1023	-1.58898711373093
"391"	"Statius_narrative"	"MORPH_CASE_GEN"	2035	-0.619500850396684
"392"	"Statius_narrative"	"MORPH_CASE_LOC"	5	-0.554399552421509
"393"	"Statius_narrative"	"MORPH_CASE_NOM"	8720	2.54834814274284
"394"	"Statius_narrative"	"MORPH_CASE_VOC"	69	-2.48773426709315
"395"	"Statius_narrative"	"MORPH_GENDER_FEM"	8499	0.296525656017722
"396"	"Statius_narrative"	"MORPH_GENDER_MASC"	11244	2.75618327903457
"397"	"Statius_narrative"	"MORPH_GENDER_NEUT"	6516	-0.106790376821246
"398"	"Statius_narrative"	"MORPH_MOOD_GDV"	48	-0.473256173875738
"399"	"Statius_narrative"	"MORPH_MOOD_GER"	35	-0.668055537242933
"400"	"Statius_narrative"	"MORPH_MOOD_IMP"	103	-3.97836218400188
"401"	"Statius_narrative"	"MORPH_MOOD_IND"	5244	0.302792789866627
"402"	"Statius_narrative"	"MORPH_MOOD_SUB"	437	-2.98485200055605
"403"	"Statius_narrative"	"MORPH_NUMBER_PLUR"	11458	2.59537418882522
"404"	"Statius_narrative"	"MORPH_NUMBER_SING"	20793	-1.95046049648674
"405"	"Statius_narrative"	"MORPH_PERSON_1"	139	-7.51151116066601
"406"	"Statius_narrative"	"MORPH_PERSON_2"	313	-6.6181648244052
"407"	"Statius_narrative"	"MORPH_PERSON_3"	5531	2.02071479273723
"408"	"Statius_narrative"	"MORPH_TENSE_FUT"	218	-3.31352500310821
"409"	"Statius_narrative"	"MORPH_TENSE_PAST"	3408	-0.721434652111277
"410"	"Statius_narrative"	"MORPH_TENSE_PQP"	207	-0.0222006392497992
"411"	"Statius_narrative"	"MORPH_TENSE_PRES"	5865	0.853779373192236
"412"	"Statius_narrative"	"MORPH_VERBFORM_FIN"	5784	-1.69104742963154
"413"	"Statius_narrative"	"MORPH_VERBFORM_INF"	881	-0.807055987488257
"414"	"Statius_narrative"	"MORPH_VERBFORM_PART"	3033	2.02745837101678
"415"	"Statius_narrative"	"MORPH_VERBFORM_SUP"	11	0.447255292981151
"416"	"Statius_narrative"	"MORPH_VOICE_ACT"	6993	0.463554989456089
"417"	"Statius_narrative"	"MORPH_VOICE_PASS"	2588	0.447740603992323
"418"	"Statius_narrative"	"POS_ADJ"	5644	3.126693808258
"419"	"Statius_narrative"	"POS_ADP"	1449	-1.69696879472203
"420"	"Statius_narrative"	"POS_ADV"	2643	1.59718183086755
"421"	"Statius_narrative"	"POS_AUX"	118	-5.09301319313284
"422"	"Statius_narrative"	"POS_CCONJ"	4622	2.1802165117907
"423"	"Statius_narrative"	"POS_DET"	1775	-2.06688418298776
"424"	"Statius_narrative"	"POS_INTJ"	41	-2.1977143565018
"425"	"Statius_narrative"	"POS_NOUN"	13169	1.6616184077427
"426"	"Statius_narrative"	"POS_PART"	383	-1.23667631959152
"427"	"Statius_narrative"	"POS_PRON"	710	-6.05982977864693
"428"	"Statius_narrative"	"POS_PROPN"	2133	-0.872684982730354
"429"	"Statius_narrative"	"POS_SCONJ"	616	-1.80088332449251
"430"	"Statius_narrative"	"POS_VERB"	9591	0.708061299169131
"431"	"Statius_speech"	"MORPH_CASE_ABL"	3383	-2.8459445925553
"432"	"Statius_speech"	"MORPH_CASE_ACC"	6370	0.999877041710965
"433"	"Statius_speech"	"MORPH_CASE_DAT"	1013	1.70753653153293
"434"	"Statius_speech"	"MORPH_CASE_GEN"	1541	0.426611062832275
"435"	"Statius_speech"	"MORPH_CASE_LOC"	12	0.453875005892256
"436"	"Statius_speech"	"MORPH_CASE_NOM"	5977	1.40449320700325
"437"	"Statius_speech"	"MORPH_CASE_VOC"	235	2.88733529108418
"438"	"Statius_speech"	"MORPH_GENDER_FEM"	5609	-0.983990176871479
"439"	"Statius_speech"	"MORPH_GENDER_MASC"	7605	1.14492060205501
"440"	"Statius_speech"	"MORPH_GENDER_NEUT"	4558	-0.025174354245652
"441"	"Statius_speech"	"MORPH_MOOD_GDV"	56	0.613396319495351
"442"	"Statius_speech"	"MORPH_MOOD_GER"	30	-0.216654582610247
"443"	"Statius_speech"	"MORPH_MOOD_IMP"	459	4.13683439541206
"444"	"Statius_speech"	"MORPH_MOOD_IND"	3055	-2.59813461504416
"445"	"Statius_speech"	"MORPH_MOOD_SUB"	567	1.16452387270135
"446"	"Statius_speech"	"MORPH_NUMBER_PLUR"	7961	1.73355985566724
"447"	"Statius_speech"	"MORPH_NUMBER_SING"	14658	-1.00021228266636
"448"	"Statius_speech"	"MORPH_PERSON_1"	1099	6.23927205097659
"449"	"Statius_speech"	"MORPH_PERSON_2"	1360	7.42707097680572
"450"	"Statius_speech"	"MORPH_PERSON_3"	2427	-5.29144549434396
"451"	"Statius_speech"	"MORPH_TENSE_FUT"	438	2.12608462160096
"452"	"Statius_speech"	"MORPH_TENSE_PAST"	1967	-2.80487217709966
"453"	"Statius_speech"	"MORPH_TENSE_PQP"	67	-1.76508019442901
"454"	"Statius_speech"	"MORPH_TENSE_PRES"	4020	0.286040953488983
"455"	"Statius_speech"	"MORPH_VERBFORM_FIN"	4081	-1.00444453007396
"456"	"Statius_speech"	"MORPH_VERBFORM_INF"	783	1.20429296870044
"457"	"Statius_speech"	"MORPH_VERBFORM_PART"	1628	-1.65823740342532
"458"	"Statius_speech"	"MORPH_VERBFORM_SUP"	6	0.115773602928789
"459"	"Statius_speech"	"MORPH_VOICE_ACT"	4673	-0.511233513956842
"460"	"Statius_speech"	"MORPH_VOICE_PASS"	1628	-0.849413460589345
"461"	"Statius_speech"	"POS_ADJ"	3773	1.43959916357913
"462"	"Statius_speech"	"POS_ADP"	950	-1.69558551140369
"463"	"Statius_speech"	"POS_ADV"	1887	1.42446580406636
"464"	"Statius_speech"	"POS_AUX"	191	-1.95439596892496
"465"	"Statius_speech"	"POS_CCONJ"	2976	0.268925237335214
"466"	"Statius_speech"	"POS_DET"	1621	1.30355443511922
"467"	"Statius_speech"	"POS_INTJ"	171	2.76440290376982
"468"	"Statius_speech"	"POS_NOUN"	8698	-0.350083054865346
"469"	"Statius_speech"	"POS_PART"	435	1.65387787116736
"470"	"Statius_speech"	"POS_PRON"	1404	3.61155834599631
"471"	"Statius_speech"	"POS_PROPN"	1478	-0.689672797915058
"472"	"Statius_speech"	"POS_SCONJ"	542	0.0412961479055748
"473"	"Statius_speech"	"POS_VERB"	6307	-0.861972452761546
"474"	"Silius Italicus_narrative"	"MORPH_CASE_ABL"	8782	6.68894811915984
"475"	"Silius Italicus_narrative"	"MORPH_CASE_ACC"	10953	0.0445076749556056
"476"	"Silius Italicus_narrative"	"MORPH_CASE_DAT"	1395	-0.910071617268372
"477"	"Silius Italicus_narrative"	"MORPH_CASE_GEN"	2976	2.19979087558404
"478"	"Silius Italicus_narrative"	"MORPH_CASE_LOC"	15	0.159899719986457
"479"	"Silius Italicus_narrative"	"MORPH_CASE_NOM"	9789	-1.00853033108942
"480"	"Silius Italicus_narrative"	"MORPH_CASE_VOC"	95	-2.86165198535644
"481"	"Silius Italicus_narrative"	"MORPH_GENDER_FEM"	10622	0.304609854738458
"482"	"Silius Italicus_narrative"	"MORPH_GENDER_MASC"	14068	3.37719399690126
"483"	"Silius Italicus_narrative"	"MORPH_GENDER_NEUT"	8909	2.91357833719611
"484"	"Silius Italicus_narrative"	"MORPH_MOOD_GDV"	71	-0.137719204214251
"485"	"Silius Italicus_narrative"	"MORPH_MOOD_GER"	98	1.59133485068117
"486"	"Silius Italicus_narrative"	"MORPH_MOOD_IMP"	148	-4.57714988875066
"487"	"Silius Italicus_narrative"	"MORPH_MOOD_IND"	5835	-2.91854631295336
"488"	"Silius Italicus_narrative"	"MORPH_MOOD_SUB"	587	-3.19795597648905
"489"	"Silius Italicus_narrative"	"MORPH_NUMBER_PLUR"	13293	-0.213078655566179
"490"	"Silius Italicus_narrative"	"MORPH_NUMBER_SING"	27281	0.670664624558231
"491"	"Silius Italicus_narrative"	"MORPH_PERSON_1"	224	-8.71042292580939
"492"	"Silius Italicus_narrative"	"MORPH_PERSON_2"	425	-7.82606563680492
"493"	"Silius Italicus_narrative"	"MORPH_PERSON_3"	6223	-0.692807438358342
"494"	"Silius Italicus_narrative"	"MORPH_TENSE_FUT"	366	-2.67342001834369
"495"	"Silius Italicus_narrative"	"MORPH_TENSE_PAST"	5114	3.6900840860727
"496"	"Silius Italicus_narrative"	"MORPH_TENSE_PQP"	295	0.756163941728992
"497"	"Silius Italicus_narrative"	"MORPH_TENSE_PRES"	6416	-2.95120615091968
"498"	"Silius Italicus_narrative"	"MORPH_VERBFORM_FIN"	6570	-4.87257738612102
"499"	"Silius Italicus_narrative"	"MORPH_VERBFORM_INF"	1246	0.468095621442411
"500"	"Silius Italicus_narrative"	"MORPH_VERBFORM_PART"	4377	6.06344926293554
"501"	"Silius Italicus_narrative"	"MORPH_VERBFORM_SUP"	15	0.694742315883355
"502"	"Silius Italicus_narrative"	"MORPH_VOICE_ACT"	8391	-0.863431324957326
"503"	"Silius Italicus_narrative"	"MORPH_VOICE_PASS"	3542	2.47648459594897
"504"	"Silius Italicus_narrative"	"POS_ADJ"	6803	2.65289845699735
"505"	"Silius Italicus_narrative"	"POS_ADP"	2212	1.01002096015861
"506"	"Silius Italicus_narrative"	"POS_ADV"	2715	-1.89645767129588
"507"	"Silius Italicus_narrative"	"POS_AUX"	263	-4.5780083487798
"508"	"Silius Italicus_narrative"	"POS_CCONJ"	4906	-1.69611739112894
"509"	"Silius Italicus_narrative"	"POS_DET"	1557	-7.22092264195255
"510"	"Silius Italicus_narrative"	"POS_INTJ"	56	-2.57450417021373
"511"	"Silius Italicus_narrative"	"POS_NOUN"	17208	4.23984598827214
"512"	"Silius Italicus_narrative"	"POS_PART"	523	-0.888603944024376
"513"	"Silius Italicus_narrative"	"POS_PRON"	986	-6.65691571162559
"514"	"Silius Italicus_narrative"	"POS_PROPN"	3063	1.55917345502186
"515"	"Silius Italicus_narrative"	"POS_SCONJ"	854	-1.2776552984394
"516"	"Silius Italicus_narrative"	"POS_VERB"	11920	0.578075434102492
"517"	"Silius Italicus_speech"	"MORPH_CASE_ABL"	3490	-0.294562819745462
"518"	"Silius Italicus_speech"	"MORPH_CASE_ACC"	5532	0.534534571292014
"519"	"Silius Italicus_speech"	"MORPH_CASE_DAT"	941	1.95394108195061
"520"	"Silius Italicus_speech"	"MORPH_CASE_GEN"	1454	1.04303225361143
"521"	"Silius Italicus_speech"	"MORPH_CASE_LOC"	25	1.83074815359597
"522"	"Silius Italicus_speech"	"MORPH_CASE_NOM"	4629	-1.24615838174067
"523"	"Silius Italicus_speech"	"MORPH_CASE_VOC"	165	1.50052125454193
"524"	"Silius Italicus_speech"	"MORPH_GENDER_FEM"	5217	0.106399528945388
"525"	"Silius Italicus_speech"	"MORPH_GENDER_MASC"	6102	-1.08815476002852
"526"	"Silius Italicus_speech"	"MORPH_GENDER_NEUT"	4325	1.2299649942522
"527"	"Silius Italicus_speech"	"MORPH_MOOD_GDV"	66	1.24334918853499
"528"	"Silius Italicus_speech"	"MORPH_MOOD_GER"	44	0.617783218652374
"529"	"Silius Italicus_speech"	"MORPH_MOOD_IMP"	423	3.98850119214707
"530"	"Silius Italicus_speech"	"MORPH_MOOD_IND"	2677	-2.41002985433137
"531"	"Silius Italicus_speech"	"MORPH_MOOD_SUB"	611	2.41702591165165
"532"	"Silius Italicus_speech"	"MORPH_NUMBER_PLUR"	6418	-0.538710020769401
"533"	"Silius Italicus_speech"	"MORPH_NUMBER_SING"	13541	0.618583123248823
"534"	"Silius Italicus_speech"	"MORPH_PERSON_1"	718	2.61367670482766
"535"	"Silius Italicus_speech"	"MORPH_PERSON_2"	1083	5.3350971430108
"536"	"Silius Italicus_speech"	"MORPH_PERSON_3"	2506	-2.98917449199264
"537"	"Silius Italicus_speech"	"MORPH_TENSE_FUT"	515	3.89654180193834
"538"	"Silius Italicus_speech"	"MORPH_TENSE_PAST"	2004	-0.996659838060428
"539"	"Silius Italicus_speech"	"MORPH_TENSE_PQP"	89	-0.889727078961028
"540"	"Silius Italicus_speech"	"MORPH_TENSE_PRES"	3424	-0.31902224365209
"541"	"Silius Italicus_speech"	"MORPH_VERBFORM_FIN"	3711	-0.436938076325553
"542"	"Silius Italicus_speech"	"MORPH_VERBFORM_INF"	663	0.764134253674834
"543"	"Silius Italicus_speech"	"MORPH_VERBFORM_PART"	1658	-0.0702331771126723
"544"	"Silius Italicus_speech"	"MORPH_VERBFORM_SUP"	3	-0.17690544241973
"545"	"Silius Italicus_speech"	"MORPH_VOICE_ACT"	4265	0.106464510820295
"546"	"Silius Italicus_speech"	"MORPH_VOICE_PASS"	1507	-0.300220849580608
"547"	"Silius Italicus_speech"	"POS_ADJ"	2987	-0.375157201177411
"548"	"Silius Italicus_speech"	"POS_ADP"	1099	0.595798206115542
"549"	"Silius Italicus_speech"	"POS_ADV"	1349	-0.886729334748532
"550"	"Silius Italicus_speech"	"POS_AUX"	264	-0.274669219892631
"551"	"Silius Italicus_speech"	"POS_CCONJ"	2057	-2.72337986033388
"552"	"Silius Italicus_speech"	"POS_DET"	1238	-0.255205001329358
"553"	"Silius Italicus_speech"	"POS_INTJ"	150	2.42254238798328
"554"	"Silius Italicus_speech"	"POS_NOUN"	7877	0.293756479801062
"555"	"Silius Italicus_speech"	"POS_PART"	361	1.11523337906389
"556"	"Silius Italicus_speech"	"POS_PRON"	1067	1.69120677230659
"557"	"Silius Italicus_speech"	"POS_PROPN"	1440	0.322239998538445
"558"	"Silius Italicus_speech"	"POS_SCONJ"	535	0.699749585836763
"559"	"Silius Italicus_speech"	"POS_VERB"	5756	-0.108973068649715
"560"	"Virgil_narrative"	"MORPH_CASE_ABL"	6176	2.40429550953295
"561"	"Virgil_narrative"	"MORPH_CASE_ACC"	8809	1.04262254345884
"562"	"Virgil_narrative"	"MORPH_CASE_DAT"	978	-1.73103449339455
"563"	"Virgil_narrative"	"MORPH_CASE_GEN"	1897	-1.21516810808076
"564"	"Virgil_narrative"	"MORPH_CASE_LOC"	13	0.255543572073039
"565"	"Virgil_narrative"	"MORPH_CASE_NOM"	7868	0.118583095481683
"566"	"Virgil_narrative"	"MORPH_CASE_VOC"	69	-2.38588222937595
"567"	"Virgil_narrative"	"MORPH_GENDER_FEM"	8079	-0.466991073147812
"568"	"Virgil_narrative"	"MORPH_GENDER_MASC"	11083	3.0977157640681
"569"	"Virgil_narrative"	"MORPH_GENDER_NEUT"	6289	-0.363755480857366
"570"	"Virgil_narrative"	"MORPH_MOOD_GDV"	18	-1.66032879194677
"571"	"Virgil_narrative"	"MORPH_MOOD_GER"	38	-0.475869732910961
"572"	"Virgil_narrative"	"MORPH_MOOD_IMP"	39	-4.97570535699376
"573"	"Virgil_narrative"	"MORPH_MOOD_IND"	5395	1.59261285750805
"574"	"Virgil_narrative"	"MORPH_MOOD_SUB"	351	-3.84024025040413
"575"	"Virgil_narrative"	"MORPH_NUMBER_PLUR"	10831	1.41422933270714
"576"	"Virgil_narrative"	"MORPH_NUMBER_SING"	20836	-0.491288137652641
"577"	"Virgil_narrative"	"MORPH_PERSON_1"	328	-5.13681224085762
"578"	"Virgil_narrative"	"MORPH_PERSON_2"	181	-7.76413222595218
"579"	"Virgil_narrative"	"MORPH_PERSON_3"	5583	2.85561795500028
"580"	"Virgil_narrative"	"MORPH_TENSE_FUT"	121	-4.649772349709
"581"	"Virgil_narrative"	"MORPH_TENSE_PAST"	3483	0.178246993801067
"582"	"Virgil_narrative"	"MORPH_TENSE_PQP"	182	-0.461265560259662
"583"	"Virgil_narrative"	"MORPH_TENSE_PRES"	5510	-0.0781469969279017
"584"	"Virgil_narrative"	"MORPH_VERBFORM_FIN"	5785	-1.03242283728248
"585"	"Virgil_narrative"	"MORPH_VERBFORM_INF"	709	-2.34582634393739
"586"	"Virgil_narrative"	"MORPH_VERBFORM_PART"	2802	1.01357156268846
"587"	"Virgil_narrative"	"MORPH_VERBFORM_SUP"	11	0.469448255539523
"588"	"Virgil_narrative"	"MORPH_VOICE_ACT"	6586	-0.476442621141235
"589"	"Virgil_narrative"	"MORPH_VOICE_PASS"	2500	0.289020673878317
"590"	"Virgil_narrative"	"POS_ADJ"	5003	0.721648920643275
"591"	"Virgil_narrative"	"POS_ADP"	1877	2.02097762217201
"592"	"Virgil_narrative"	"POS_ADV"	2276	-0.42981849894593
"593"	"Virgil_narrative"	"POS_AUX"	214	-3.48265665527284
"594"	"Virgil_narrative"	"POS_CCONJ"	4586	2.53493789403658
"595"	"Virgil_narrative"	"POS_DET"	1816	-1.40723543291554
"596"	"Virgil_narrative"	"POS_INTJ"	48	-1.90430864593774
"597"	"Virgil_narrative"	"POS_NOUN"	12638	1.00778771589002
"598"	"Virgil_narrative"	"POS_PART"	295	-2.37298871890189
"599"	"Virgil_narrative"	"POS_PRON"	906	-4.07963279994162
"600"	"Virgil_narrative"	"POS_PROPN"	2618	2.81852919405475
"601"	"Virgil_narrative"	"POS_SCONJ"	544	-2.41249534649737
"602"	"Virgil_narrative"	"POS_VERB"	9093	-0.206032170943789
"603"	"Virgil_speech"	"MORPH_CASE_ABL"	2762	-2.59709797453262
"604"	"Virgil_speech"	"MORPH_CASE_ACC"	5430	1.34702599938506
"605"	"Virgil_speech"	"MORPH_CASE_DAT"	920	2.17688937701694
"606"	"Virgil_speech"	"MORPH_CASE_GEN"	1236	0.0391356487986549
"607"	"Virgil_speech"	"MORPH_CASE_LOC"	2	-0.41946854845669
"608"	"Virgil_speech"	"MORPH_CASE_NOM"	4497	-0.620644799917431
"609"	"Virgil_speech"	"MORPH_CASE_VOC"	267	4.2076508889923
"610"	"Virgil_speech"	"MORPH_GENDER_FEM"	4888	0.0345661224574283
"611"	"Virgil_speech"	"MORPH_GENDER_MASC"	5556	-1.64652100447339
"612"	"Virgil_speech"	"MORPH_GENDER_NEUT"	3809	0.0736814412504384
"613"	"Virgil_speech"	"MORPH_MOOD_GDV"	34	-0.0183881474494696
"614"	"Virgil_speech"	"MORPH_MOOD_GER"	26	-0.131180108456055
"615"	"Virgil_speech"	"MORPH_MOOD_IMP"	535	6.23015254057052
"616"	"Virgil_speech"	"MORPH_MOOD_IND"	2628	-1.75069619867663
"617"	"Virgil_speech"	"MORPH_MOOD_SUB"	606	2.67417689738935
"618"	"Virgil_speech"	"MORPH_NUMBER_PLUR"	6374	0.640071108439131
"619"	"Virgil_speech"	"MORPH_NUMBER_SING"	12517	0.0321987693670406
"620"	"Virgil_speech"	"MORPH_PERSON_1"	1136	7.80376071366922
"621"	"Virgil_speech"	"MORPH_PERSON_2"	1348	8.54071525859083
"622"	"Virgil_speech"	"MORPH_PERSON_3"	2148	-3.80311897292743
"623"	"Virgil_speech"	"MORPH_TENSE_FUT"	545	4.62634935322107
"624"	"Virgil_speech"	"MORPH_TENSE_PAST"	1603	-2.52135890442554
"625"	"Virgil_speech"	"MORPH_TENSE_PQP"	68	-1.19549370654418
"626"	"Virgil_speech"	"MORPH_TENSE_PRES"	3277	-0.0421692999281731
"627"	"Virgil_speech"	"MORPH_VERBFORM_FIN"	3769	0.79646384461497
"628"	"Virgil_speech"	"MORPH_VERBFORM_INF"	660	1.10898113481693
"629"	"Virgil_speech"	"MORPH_VERBFORM_PART"	1064	-3.23309577899941
"630"	"Virgil_speech"	"MORPH_VERBFORM_SUP"	6	0.22039918158699
"631"	"Virgil_speech"	"MORPH_VOICE_ACT"	3973	-0.0533423197653677
"632"	"Virgil_speech"	"MORPH_VOICE_PASS"	1204	-1.69415779271107
"633"	"Virgil_speech"	"POS_ADJ"	2528	-1.69626607966439
"634"	"Virgil_speech"	"POS_ADP"	874	-0.730741145139351
"635"	"Virgil_speech"	"POS_ADV"	1255	-0.926838112733207
"636"	"Virgil_speech"	"POS_AUX"	320	0.842455317096504
"637"	"Virgil_speech"	"POS_CCONJ"	2223	-1.06795979941134
"638"	"Virgil_speech"	"POS_DET"	1585	2.82797529439829
"639"	"Virgil_speech"	"POS_INTJ"	146	2.43437001350996
"640"	"Virgil_speech"	"POS_NOUN"	6948	-1.16762904566667
"641"	"Virgil_speech"	"POS_PART"	320	0.755657504585696
"642"	"Virgil_speech"	"POS_PRON"	1569	6.54428409120837
"643"	"Virgil_speech"	"POS_PROPN"	1444	0.93152374483663
"644"	"Virgil_speech"	"POS_SCONJ"	498	0.599626824769243
"645"	"Virgil_speech"	"POS_VERB"	5179	-0.93755331154676
